,name,NORAD ID,Int'l Code,Launch date,Source,Launch site,Decay date,Perigee,Apogee,Inclination,Period,Semi major axis,RCS
0,SL-1 R/B,1,1957-001A,"October 4, 1957",Commonwealth of Independent States (former USSR) (CIS),TYURATAM MISSILE AND SPACE COMPLEX (TTMTR),1957-12-01,,,,,,
1,SPUTNIK 1,2,1957-001B,"October 4, 1957",Commonwealth of Independent States (former USSR) (CIS),TYURATAM MISSILE AND SPACE COMPLEX (TTMTR),1958-01-03,,,,,,
2,SPUTNIK 2,3,1957-002A,"November 3, 1957",Commonwealth of Independent States (former USSR) (CIS),TYURATAM MISSILE AND SPACE COMPLEX (TTMTR),1958-04-14,,,,,,
3,EXPLORER 1,4,1958-001A,"February 1, 1958",United States (US),AIR FORCE EASTERN TEST RANGE (AFETR),1970-03-31,,,,,,
4,VANGUARD 1,5,1958-002B,"March 17, 1958",United States (US),AIR FORCE EASTERN TEST RANGE (AFETR),,656.6 km,"3,829.3 km",34.2 °,132.6 minutes,8613 km,0.118 m
5,EXPLORER 3,6,1958-003A,"March 26, 1958",United States (US),AIR FORCE EASTERN TEST RANGE (AFETR),1958-06-28,,,,,,
6,SL-1 R/B,7,1958-004A,"May 15, 1958",Commonwealth of Independent States (former USSR) (CIS),TYURATAM MISSILE AND SPACE COMPLEX (TTMTR),1958-12-03,,,,,,
7,SPUTNIK 3,8,1958-004B,"May 15, 1958",Commonwealth of Independent States (former USSR) (CIS),TYURATAM MISSILE AND SPACE COMPLEX (TTMTR),1960-04-06,,,,,,
8,EXPLORER 4,9,1958-005A,"July 26, 1958",United States (US),AIR FORCE EASTERN TEST RANGE (AFETR),1959-10-23,,,,,,
9,SCORE,10,1958-006A,"December 18, 1958",United States (US),AIR FORCE EASTERN TEST RANGE (AFETR),1959-01-21,,,,,,
10,VANGUARD 2,11,1959-001A,"February 17, 1959",United States (US),AIR FORCE EASTERN TEST RANGE (AFETR),,559.5 km,"2,905.8 km",32.9 °,121.0 minutes,8103 km,0.3823 m
11,VANGUARD R/B,12,1959-001B,"February 17, 1959",United States (US),AIR FORCE EASTERN TEST RANGE (AFETR),,560.8 km,"3,296.5 km",32.9 °,125.4 minutes,8299 km,0.5381 m
12,DISCOVERER 1,13,1959-002A,"February 28, 1959",United States (US),AIR FORCE WESTERN TEST RANGE (AFWTR),1959-03-03,,,,,,
13,DISCOVERER 2,14,1959-003A,"April 13, 1959",United States (US),AIR FORCE WESTERN TEST RANGE (AFWTR),1959-04-26,,,,,,
14,EXPLORER 6,15,1959-004A,"August 7, 1959",United States (US),AIR FORCE EASTERN TEST RANGE (AFETR),1961-06-30,,,,,,
15,VANGUARD R/B,16,1958-002A,"March 17, 1958",United States (US),AIR FORCE EASTERN TEST RANGE (AFETR),,656.9 km,"4,224.5 km",34.3 °,137.2 minutes,8811 km,0.2285 m
16,THOR ABLE R/B,17,1959-004B,"August 7, 1959",United States (US),AIR FORCE EASTERN TEST RANGE (AFETR),1961-06-30,,,,,,
17,DISCOVERER 5,18,1959-005A,"August 13, 1959",United States (US),AIR FORCE WESTERN TEST RANGE (AFWTR),1959-09-28,,,,,,
